State,fips,Year,Month,Date,Monthly Cases,Monthly Deaths,US State Populations,"Monthly Cases per 100,000 People","Monthly Deaths per 100,000 People"
Alabama,1,2020,1,1/1/2020,0,0,"5,024,279",0.00,0.00
Alabama,1,2020,2,2/1/2020,0,0,"5,024,279",0.00,0.00
Alabama,1,2020,3,3/1/2020,999,14,"5,024,279",19.88,0.28
Alabama,1,2020,4,4/1/2020,"6,069",258,"5,024,279",120.79,5.14
Alabama,1,2020,5,5/1/2020,"10,884",358,"5,024,279",216.63,7.13
Alabama,1,2020,6,6/1/2020,"20,093",320,"5,024,279",399.92,6.37
Alabama,1,2020,7,7/1/2020,"49,678",630,"5,024,279",988.76,12.54
Alabama,1,2020,8,8/1/2020,"38,335",602,"5,024,279",763.00,11.98
Alabama,1,2020,9,9/1/2020,"28,643",358,"5,024,279",570.09,7.13
Alabama,1,2020,10,10/1/2020,"37,584",427,"5,024,279",748.05,8.50
Alabama,1,2020,11,11/1/2020,"57,239",611,"5,024,279","1,139.25",12.16
Alabama,1,2020,12,12/1/2020,"111,702","1,249","5,024,279","2,223.24",24.86
Alabama,1,2021,1,1/1/2021,"98,413","2,861","5,024,279","1,958.75",56.94
Alabama,1,2021,2,2/1/2021,"33,613","2,241","5,024,279",669.01,44.60
Alabama,1,2021,3,3/1/2021,"22,136",625,"5,024,279",440.58,12.44
Alabama,1,2021,4,4/1/2021,"12,534",342,"5,024,279",249.47,6.81
Alabama,1,2021,5,5/1/2021,"15,483",250,"5,024,279",308.16,4.98
Alabama,1,2021,6,6/1/2021,"3,918",120,"5,024,279",77.98,2.39
Alaska,2,2020,1,1/1/2020,0,0,"733,391",0.00,0.00
Alaska,2,2020,2,2/1/2020,0,0,"733,391",0.00,0.00
Alaska,2,2020,3,3/1/2020,133,2,"733,391",18.13,0.27
Alaska,2,2020,4,4/1/2020,220,5,"733,391",30.00,0.68
Alaska,2,2020,5,5/1/2020,116,1,"733,391",15.82,0.14
Alaska,2,2020,6,6/1/2020,663,4,"733,391",90.40,0.55
Alaska,2,2020,7,7/1/2020,"2,543",9,"733,391",346.75,1.23
Alaska,2,2020,8,8/1/2020,"2,400",13,"733,391",327.25,1.77
Alaska,2,2020,9,9/1/2020,"2,632",18,"733,391",358.88,2.45
Alaska,2,2020,10,10/1/2020,"7,540",25,"733,391","1,028.10",3.41
Alaska,2,2020,11,11/1/2020,"16,160",38,"733,391","2,203.46",5.18
Alaska,2,2020,12,12/1/2020,"14,333",83,"733,391","1,954.35",11.32
Alaska,2,2021,1,1/1/2021,"7,245",55,"733,391",987.88,7.50
Alaska,2,2021,2,2/1/2021,"3,861",26,"733,391",526.46,3.55
Alaska,2,2021,3,3/1/2021,"4,713",20,"733,391",642.63,2.73
Alaska,2,2021,4,4/1/2021,"5,039",31,"733,391",687.08,4.23
Alaska,2,2021,5,5/1/2021,"2,029",22,"733,391",276.66,3.00
Alaska,2,2021,6,6/1/2021,438,4,"733,391",59.72,0.55
Arizona,4,2020,1,1/1/2020,1,0,"7,151,502",0.01,0.00
Arizona,4,2020,2,2/1/2020,0,0,"7,151,502",0.00,0.00
Arizona,4,2020,3,3/1/2020,"1,297",24,"7,151,502",18.14,0.34
Arizona,4,2020,4,4/1/2020,"6,350",296,"7,151,502",88.79,4.14
Arizona,4,2020,5,5/1/2020,"12,288",586,"7,151,502",171.82,8.19
Arizona,4,2020,6,6/1/2020,"59,463",739,"7,151,502",831.48,10.33
Arizona,4,2020,7,7/1/2020,"94,709","2,050","7,151,502","1,324.32",28.67
Arizona,4,2020,8,8/1/2020,"27,758","1,336","7,151,502",388.14,18.68
Arizona,4,2020,9,9/1/2020,"16,645",623,"7,151,502",232.75,8.71
Arizona,4,2020,10,10/1/2020,"27,451",325,"7,151,502",383.85,4.54
Arizona,4,2020,11,11/1/2020,"81,084",661,"7,151,502","1,133.80",9.24
Arizona,4,2020,12,12/1/2020,"196,783","2,239","7,151,502","2,751.63",31.31
Arizona,4,2021,1,1/1/2021,"234,747","4,241","7,151,502","3,282.49",59.30
Arizona,4,2021,2,2/1/2021,"58,656","2,860","7,151,502",820.19,39.99
Arizona,4,2021,3,3/1/2021,"24,579",987,"7,151,502",343.69,13.80
Arizona,4,2021,4,4/1/2021,"20,686",357,"7,151,502",289.25,4.99
Arizona,4,2021,5,5/1/2021,"18,953",304,"7,151,502",265.02,4.25
Arizona,4,2021,6,6/1/2021,"4,954",133,"7,151,502",69.27,1.86
Arkansas,5,2020,1,1/1/2020,0,0,"3,011,524",0.00,0.00
Arkansas,5,2020,2,2/1/2020,0,0,"3,011,524",0.00,0.00
Arkansas,5,2020,3,3/1/2020,564,8,"3,011,524",18.73,0.27
Arkansas,5,2020,4,4/1/2020,"2,717",53,"3,011,524",90.22,1.76
Arkansas,5,2020,5,5/1/2020,"3,972",72,"3,011,524",131.89,2.39
Arkansas,5,2020,6,6/1/2020,"13,524",137,"3,011,524",449.07,4.55
Arkansas,5,2020,7,7/1/2020,"21,734",183,"3,011,524",721.69,6.08
Arkansas,5,2020,8,8/1/2020,"18,713",344,"3,011,524",621.38,11.42
Arkansas,5,2020,9,9/1/2020,"22,473",572,"3,011,524",746.23,18.99
Arkansas,5,2020,10,10/1/2020,"28,493",556,"3,011,524",946.13,18.46
Arkansas,5,2020,11,11/1/2020,"45,169",577,"3,011,524","1,499.87",19.16
Arkansas,5,2020,12,12/1/2020,"67,779","1,174","3,011,524","2,250.65",38.98
Arkansas,5,2021,1,1/1/2021,"70,130","1,192","3,011,524","2,328.72",39.58
Arkansas,5,2021,2,2/1/2021,"27,147",375,"3,011,524",901.44,12.45
Arkansas,5,2021,3,3/1/2021,"7,983",383,"3,011,524",265.08,12.72
Arkansas,5,2021,4,4/1/2021,"5,327",113,"3,011,524",176.89,3.75
Arkansas,5,2021,5,5/1/2021,"5,656",94,"3,011,524",187.81,3.12
Arkansas,5,2021,6,6/1/2021,"2,492",27,"3,011,524",82.75,0.90
California,6,2020,1,1/1/2020,3,0,"39,538,223",0.01,0.00
California,6,2020,2,2/1/2020,25,0,"39,538,223",0.06,0.00
California,6,2020,3,3/1/2020,"8,555",184,"39,538,223",21.64,0.47
California,6,2020,4,4/1/2020,"41,887","1,873","39,538,223",105.94,4.74
California,6,2020,5,5/1/2020,"62,644","2,185","39,538,223",158.44,5.53
California,6,2020,6,6/1/2020,"119,039","1,841","39,538,223",301.07,4.66
California,6,2020,7,7/1/2020,"270,120","3,139","39,538,223",683.19,7.94
California,6,2020,8,8/1/2020,"210,268","3,798","39,538,223",531.81,9.61
California,6,2020,9,9/1/2020,"108,584","2,878","39,538,223",274.63,7.28
California,6,2020,10,10/1/2020,"114,123","1,763","39,538,223",288.64,4.46
California,6,2020,11,11/1/2020,"301,944","1,548","39,538,223",763.68,3.92
California,6,2020,12,12/1/2020,"1,070,577","6,756","39,538,223","2,707.70",17.09
California,6,2021,1,1/1/2021,"1,016,198","14,963","39,538,223","2,570.17",37.84
California,6,2021,2,2/1/2021,"245,492","11,285","39,538,223",620.90,28.54
California,6,2021,3,3/1/2021,"99,461","7,046","39,538,223",251.56,17.82
California,6,2021,4,4/1/2021,"73,172","2,496","39,538,223",185.07,6.31
California,6,2021,5,5/1/2021,"47,654","1,493","39,538,223",120.53,3.78
California,6,2021,6,6/1/2021,"11,893",328,"39,538,223",30.08,0.83
Colorado,8,2020,1,1/1/2020,0,0,"5,773,714",0.00,0.00
Colorado,8,2020,2,2/1/2020,0,0,"5,773,714",0.00,0.00
Colorado,8,2020,3,3/1/2020,"2,990",69,"5,773,714",51.79,1.20
Colorado,8,2020,4,4/1/2020,"12,217",706,"5,773,714",211.60,12.23
Colorado,8,2020,5,5/1/2020,"11,157",670,"5,773,714",193.24,11.60
Colorado,8,2020,6,6/1/2020,"6,334",245,"5,773,714",109.70,4.24
Colorado,8,2020,7,7/1/2020,"14,250",151,"5,773,714",246.81,2.62
Colorado,8,2020,8,8/1/2020,"10,849",111,"5,773,714",187.90,1.92
Colorado,8,2020,9,9/1/2020,"13,293",109,"5,773,714",230.23,1.89
Colorado,8,2020,10,10/1/2020,"36,754",248,"5,773,714",636.57,4.30
Colorado,8,2020,11,11/1/2020,"126,658",751,"5,773,714","2,193.70",13.01
Colorado,8,2020,12,12/1/2020,"101,077","1,819","5,773,714","1,750.64",31.50
Colorado,8,2021,1,1/1/2021,"61,559",832,"5,773,714","1,066.19",14.41
Colorado,8,2021,2,2/1/2021,"33,832",334,"5,773,714",585.97,5.78
Colorado,8,2021,3,3/1/2021,"33,812",130,"5,773,714",585.62,2.25
Colorado,8,2021,4,4/1/2021,"48,970",257,"5,773,714",848.15,4.45
Colorado,8,2021,5,5/1/2021,"32,416",291,"5,773,714",561.44,5.04
Colorado,8,2021,6,6/1/2021,"7,400",109,"5,773,714",128.17,1.89
Connecticut,9,2020,1,1/1/2020,0,0,"3,605,944",0.00,0.00
Connecticut,9,2020,2,2/1/2020,0,0,"3,605,944",0.00,0.00
Connecticut,9,2020,3,3/1/2020,"3,128",69,"3,605,944",86.75,1.91
Connecticut,9,2020,4,4/1/2020,"24,572","2,188","3,605,944",681.43,60.68
Connecticut,9,2020,5,5/1/2020,"14,501","1,687","3,605,944",402.14,46.78
Connecticut,9,2020,6,6/1/2020,"4,313",378,"3,605,944",119.61,10.48
Connecticut,9,2020,7,7/1/2020,"3,296",110,"3,605,944",91.40,3.05
Connecticut,9,2020,8,8/1/2020,"3,069",33,"3,605,944",85.11,0.92
Connecticut,9,2020,9,9/1/2020,"4,671",43,"3,605,944",129.54,1.19
Connecticut,9,2020,10,10/1/2020,"13,657",108,"3,605,944",378.74,3.00
Connecticut,9,2020,11,11/1/2020,"46,088",404,"3,605,944","1,278.11",11.20
Connecticut,9,2020,12,12/1/2020,"68,413",975,"3,605,944","1,897.23",27.04
Connecticut,9,2021,1,1/1/2021,"64,315","1,051","3,605,944","1,783.58",29.15
Connecticut,9,2021,2,2/1/2021,"29,923",576,"3,605,944",829.82,15.97
Connecticut,9,2021,3,3/1/2021,"30,942",264,"3,605,944",858.08,7.32
Connecticut,9,2021,4,4/1/2021,"28,345",211,"3,605,944",786.06,5.85
Connecticut,9,2021,5,5/1/2021,"8,108",141,"3,605,944",224.85,3.91
Connecticut,9,2021,6,6/1/2021,"1,009",23,"3,605,944",27.98,0.64
Delaware,10,2020,1,1/1/2020,0,0,"989,948",0.00,0.00
Delaware,10,2020,2,2/1/2020,0,0,"989,948",0.00,0.00
Delaware,10,2020,3,3/1/2020,319,10,"989,948",32.22,1.01
Delaware,10,2020,4,4/1/2020,"4,415",142,"989,948",445.98,14.34
Delaware,10,2020,5,5/1/2020,"4,764",214,"989,948",481.24,21.62
Delaware,10,2020,6,6/1/2020,"1,976",143,"989,948",199.61,14.45
Delaware,10,2020,7,7/1/2020,"3,314",76,"989,948",334.77,7.68
Delaware,10,2020,8,8/1/2020,"2,641",20,"989,948",266.78,2.02
Delaware,10,2020,9,9/1/2020,"3,184",31,"989,948",321.63,3.13
Delaware,10,2020,10,10/1/2020,"4,338",72,"989,948",438.20,7.27
Delaware,10,2020,11,11/1/2020,"10,703",64,"989,948","1,081.17",6.46
Delaware,10,2020,12,12/1/2020,"21,802",154,"989,948","2,202.34",15.56
Delaware,10,2021,1,1/1/2021,"20,615",164,"989,948","2,082.43",16.57
Delaware,10,2021,2,2/1/2021,"8,728",332,"989,948",881.66,33.54
Delaware,10,2021,3,3/1/2021,"8,003",137,"989,948",808.43,13.84
Delaware,10,2021,4,4/1/2021,"9,603",66,"989,948",970.05,6.67
Delaware,10,2021,5,5/1/2021,"4,461",36,"989,948",450.63,3.64
Delaware,10,2021,6,6/1/2021,456,18,"989,948",46.06,1.82
District of Columbia,11,2020,1,1/1/2020,0,0,"689,545",0.00,0.00
District of Columbia,11,2020,2,2/1/2020,0,0,"689,545",0.00,0.00
District of Columbia,11,2020,3,3/1/2020,495,9,"689,545",71.79,1.31
District of Columbia,11,2020,4,4/1/2020,"3,828",215,"689,545",555.15,31.18
District of Columbia,11,2020,5,5/1/2020,"4,478",242,"689,545",649.41,35.10
District of Columbia,11,2020,6,6/1/2020,"1,526",85,"689,545",221.31,12.33
District of Columbia,11,2020,7,7/1/2020,"1,799",34,"689,545",260.90,4.93
District of Columbia,11,2020,8,8/1/2020,"1,866",22,"689,545",270.61,3.19
District of Columbia,11,2020,9,9/1/2020,"1,334",20,"689,545",193.46,2.90
District of Columbia,11,2020,10,10/1/2020,"1,940",19,"689,545",281.34,2.76
District of Columbia,11,2020,11,11/1/2020,"4,286",34,"689,545",621.57,4.93
District of Columbia,11,2020,12,12/1/2020,"7,431",106,"689,545","1,077.67",15.37
District of Columbia,11,2021,1,1/1/2021,"7,889",127,"689,545","1,144.09",18.42
District of Columbia,11,2021,2,2/1/2021,"3,726",104,"689,545",540.36,15.08
District of Columbia,11,2021,3,3/1/2021,"3,915",47,"689,545",567.77,6.82
District of Columbia,11,2021,4,4/1/2021,"3,184",41,"689,545",461.75,5.95
District of Columbia,11,2021,5,5/1/2021,"1,201",27,"689,545",174.17,3.92
District of Columbia,11,2021,6,6/1/2021,260,5,"689,545",37.71,0.73
Florida,12,2020,1,1/1/2020,0,0,"21,538,187",0.00,0.00
Florida,12,2020,2,2/1/2020,0,0,"21,538,187",0.00,0.00
Florida,12,2020,3,3/1/2020,"6,742",85,"21,538,187",31.30,0.39
Florida,12,2020,4,4/1/2020,"26,941","1,182","21,538,187",125.08,5.49
Florida,12,2020,5,5/1/2020,"22,472","1,183","21,538,187",104.34,5.49
Florida,12,2020,6,6/1/2020,"96,271","1,054","21,538,187",446.98,4.89
Florida,12,2020,7,7/1/2020,"317,952","3,338","21,538,187","1,476.22",15.50
Florida,12,2020,8,8/1/2020,"153,085","4,344","21,538,187",710.76,20.17
Florida,12,2020,9,9/1/2020,"83,045","3,130","21,538,187",385.57,14.53
Florida,12,2020,10,10/1/2020,"96,031","2,444","21,538,187",445.86,11.35
Florida,12,2020,11,11/1/2020,"196,772","1,836","21,538,187",913.60,8.52
Florida,12,2020,12,12/1/2020,"323,996","3,076","21,538,187","1,504.29",14.28
Florida,12,2021,1,1/1/2021,"398,062","4,806","21,538,187","1,848.17",22.31
Florida,12,2021,2,2/1/2021,"187,844","4,373","21,538,187",872.14,20.30
Florida,12,2021,3,3/1/2021,"148,514","2,573","21,538,187",689.54,11.95
Florida,12,2021,4,4/1/2021,"175,783","1,736","21,538,187",816.15,8.06
Florida,12,2021,5,5/1/2021,"87,300","1,613","21,538,187",405.33,7.49
Florida,12,2021,6,6/1/2021,"-20,024",492,"21,538,187",-92.97,2.28
Georgia,13,2020,1,1/1/2020,0,0,"10,711,908",0.00,0.00
Georgia,13,2020,2,2/1/2020,0,0,"10,711,908",0.00,0.00
Georgia,13,2020,3,3/1/2020,"4,116",126,"10,711,908",38.42,1.18
Georgia,13,2020,4,4/1/2020,"21,315",995,"10,711,908",198.98,9.29
Georgia,13,2020,5,5/1/2020,"19,620",898,"10,711,908",183.16,8.38
Georgia,13,2020,6,6/1/2020,"32,229",739,"10,711,908",300.87,6.90
Georgia,13,2020,7,7/1/2020,"94,062",916,"10,711,908",878.11,8.55
Georgia,13,2020,8,8/1/2020,"82,896","1,832","10,711,908",773.87,17.10
Georgia,13,2020,9,9/1/2020,"47,247","1,355","10,711,908",441.07,12.65
Georgia,13,2020,10,10/1/2020,"71,146",929,"10,711,908",664.18,8.67
Georgia,13,2020,11,11/1/2020,"81,697","1,408","10,711,908",762.67,13.14
Georgia,13,2020,12,12/1/2020,"189,737","1,390","10,711,908","1,771.27",12.98
Georgia,13,2021,1,1/1/2021,"241,184","3,190","10,711,908","2,251.55",29.78
Georgia,13,2021,2,2/1/2021,"96,595","2,979","10,711,908",901.75,27.81
Georgia,13,2021,3,3/1/2021,"53,342","1,716","10,711,908",497.97,16.02
Georgia,13,2021,4,4/1/2021,"40,649","1,091","10,711,908",379.47,10.18
Georgia,13,2021,5,5/1/2021,"23,334",616,"10,711,908",217.83,5.75
Georgia,13,2021,6,6/1/2021,"4,850",301,"10,711,908",45.28,2.81
Hawaii,15,2020,1,1/1/2020,0,0,"1,455,271",0.00,0.00
Hawaii,15,2020,2,2/1/2020,0,0,"1,455,271",0.00,0.00
Hawaii,15,2020,3,3/1/2020,224,1,"1,455,271",15.39,0.07
Hawaii,15,2020,4,4/1/2020,385,15,"1,455,271",26.46,1.03
Hawaii,15,2020,5,5/1/2020,33,1,"1,455,271",2.27,0.07
Hawaii,15,2020,6,6/1/2020,259,1,"1,455,271",17.80,0.07
Hawaii,15,2020,7,7/1/2020,"1,187",7,"1,455,271",81.57,0.48
Hawaii,15,2020,8,8/1/2020,"6,359",44,"1,455,271",436.96,3.02
Hawaii,15,2020,9,9/1/2020,"4,108",66,"1,455,271",282.28,4.54
Hawaii,15,2020,10,10/1/2020,"2,652",83,"1,455,271",182.23,5.70
Hawaii,15,2020,11,11/1/2020,"2,799",24,"1,455,271",192.34,1.65
Hawaii,15,2020,12,12/1/2020,"3,453",44,"1,455,271",237.28,3.02
Hawaii,15,2021,1,1/1/2021,"4,327",121,"1,455,271",297.33,8.31
Hawaii,15,2021,2,2/1/2021,"1,687",29,"1,455,271",115.92,1.99
Hawaii,15,2021,3,3/1/2021,"2,306",24,"1,455,271",158.46,1.65
Hawaii,15,2021,4,4/1/2021,"2,988",20,"1,455,271",205.32,1.37
Hawaii,15,2021,5,5/1/2021,"2,268",17,"1,455,271",155.85,1.17
Hawaii,15,2021,6,6/1/2021,658,6,"1,455,271",45.21,0.41
Idaho,16,2020,1,1/1/2020,0,0,"1,839,106",0.00,0.00
Idaho,16,2020,2,2/1/2020,0,0,"1,839,106",0.00,0.00
Idaho,16,2020,3,3/1/2020,526,9,"1,839,106",28.60,0.49
Idaho,16,2020,4,4/1/2020,"1,490",54,"1,839,106",81.02,2.94
Idaho,16,2020,5,5/1/2020,839,19,"1,839,106",45.62,1.03
Idaho,16,2020,6,6/1/2020,"3,269",10,"1,839,106",177.75,0.54
Idaho,16,2020,7,7/1/2020,"14,729",101,"1,839,106",800.88,5.49
Idaho,16,2020,8,8/1/2020,"11,403",171,"1,839,106",620.03,9.30
Idaho,16,2020,9,9/1/2020,"10,293",105,"1,839,106",559.67,5.71
Idaho,16,2020,10,10/1/2020,"22,248",161,"1,839,106","1,209.72",8.75
Idaho,16,2020,11,11/1/2020,"37,361",307,"1,839,106","2,031.48",16.69
Idaho,16,2020,12,12/1/2020,"39,230",501,"1,839,106","2,133.10",27.24
Idaho,16,2021,1,1/1/2021,"21,374",289,"1,839,106","1,162.20",15.71
Idaho,16,2021,2,2/1/2021,"8,447",135,"1,839,106",459.30,7.34
Idaho,16,2021,3,3/1/2021,"9,434",103,"1,839,106",512.97,5.60
Idaho,16,2021,4,4/1/2021,"7,083",83,"1,839,106",385.13,4.51
Idaho,16,2021,5,5/1/2021,"4,358",44,"1,839,106",236.96,2.39
Idaho,16,2021,6,6/1/2021,"1,509",27,"1,839,106",82.05,1.47
Illinois,17,2020,1,1/1/2020,2,0,"12,812,508",0.02,0.00
Illinois,17,2020,2,2/1/2020,1,0,"12,812,508",0.01,0.00
Illinois,17,2020,3,3/1/2020,"5,989",107,"12,812,508",46.74,0.84
Illinois,17,2020,4,4/1/2020,"46,926","2,254","12,812,508",366.25,17.59
Illinois,17,2020,5,5/1/2020,"67,670","3,065","12,812,508",528.16,23.92
Illinois,17,2020,6,6/1/2020,"24,073","1,710","12,812,508",187.89,13.35
Illinois,17,2020,7,7/1/2020,"36,040",567,"12,812,508",281.29,4.43
Illinois,17,2020,8,8/1/2020,"56,981",555,"12,812,508",444.73,4.33
Illinois,17,2020,9,9/1/2020,"59,253",677,"12,812,508",462.46,5.28
Illinois,17,2020,10,10/1/2020,"119,622","1,095","12,812,508",933.63,8.55
Illinois,17,2020,11,11/1/2020,"311,268","2,985","12,812,508","2,429.41",23.30
Illinois,17,2020,12,12/1/2020,"238,015","4,964","12,812,508","1,857.68",38.74
Illinois,17,2021,1,1/1/2021,"162,665","3,263","12,812,508","1,269.58",25.47
Illinois,17,2021,2,2/1/2021,"61,417","1,493","12,812,508",479.35,11.65
Illinois,17,2021,3,3/1/2021,"58,211",844,"12,812,508",454.33,6.59
Illinois,17,2021,4,4/1/2021,"90,554",712,"12,812,508",706.76,5.56
Illinois,17,2021,5,5/1/2021,"47,502",932,"12,812,508",370.75,7.27
Illinois,17,2021,6,6/1/2021,"5,193",246,"12,812,508",40.53,1.92
Indiana,18,2020,1,1/1/2020,0,0,"6,785,528",0.00,0.00
Indiana,18,2020,2,2/1/2020,0,0,"6,785,528",0.00,0.00
Indiana,18,2020,3,3/1/2020,"2,177",61,"6,785,528",32.08,0.90
Indiana,18,2020,4,4/1/2020,"15,922","1,053","6,785,528",234.65,15.52
Indiana,18,2020,5,5/1/2020,"17,330","1,020","6,785,528",255.40,15.03
Indiana,18,2020,6,6/1/2020,"11,311",506,"6,785,528",166.69,7.46
Indiana,18,2020,7,7/1/2020,"21,060",325,"6,785,528",310.37,4.79
Indiana,18,2020,8,8/1/2020,"28,477",331,"6,785,528",419.67,4.88
Indiana,18,2020,9,9/1/2020,"26,018",336,"6,785,528",383.43,4.95
Indiana,18,2020,10,10/1/2020,"59,542",700,"6,785,528",877.49,10.32
Indiana,18,2020,11,11/1/2020,"159,857","1,391","6,785,528","2,355.85",20.50
Indiana,18,2020,12,12/1/2020,"172,761","2,540","6,785,528","2,546.02",37.43
Indiana,18,2021,1,1/1/2021,"115,338","1,711","6,785,528","1,699.76",25.22
Indiana,18,2021,2,2/1/2021,"35,087","2,599","6,785,528",517.09,38.30
Indiana,18,2021,3,3/1/2021,"24,905",466,"6,785,528",367.03,6.87
Indiana,18,2021,4,4/1/2021,"33,956",293,"6,785,528",500.42,4.32
Indiana,18,2021,5,5/1/2021,"23,291",288,"6,785,528",343.25,4.24
Indiana,18,2021,6,6/1/2021,"5,405",125,"6,785,528",79.65,1.84
Iowa,19,2020,1,1/1/2020,0,0,"3,190,369",0.00,0.00
Iowa,19,2020,2,2/1/2020,0,0,"3,190,369",0.00,0.00
Iowa,19,2020,3,3/1/2020,498,7,"3,190,369",15.61,0.22
Iowa,19,2020,4,4/1/2020,"6,647",155,"3,190,369",208.35,4.86
Iowa,19,2020,5,5/1/2020,"12,476",375,"3,190,369",391.05,11.75
Iowa,19,2020,6,6/1/2020,"9,531",180,"3,190,369",298.74,5.64
Iowa,19,2020,7,7/1/2020,"15,601",155,"3,190,369",489.00,4.86
Iowa,19,2020,8,8/1/2020,"20,499",248,"3,190,369",642.53,7.77
Iowa,19,2020,9,9/1/2020,"23,996",238,"3,190,369",752.14,7.46
Iowa,19,2020,10,10/1/2020,"39,550",358,"3,190,369","1,239.67",11.22
Iowa,19,2020,11,11/1/2020,"101,836",710,"3,190,369","3,191.98",22.25
Iowa,19,2020,12,12/1/2020,"51,078","1,465","3,190,369","1,601.01",45.92
Iowa,19,2021,1,1/1/2021,"37,696","1,010","3,190,369","1,181.56",31.66
Iowa,19,2021,2,2/1/2021,"17,047",569,"3,190,369",534.33,17.83
Iowa,19,2021,3,3/1/2021,"14,947",273,"3,190,369",468.50,8.56
Iowa,19,2021,4,4/1/2021,"13,439",207,"3,190,369",421.24,6.49
Iowa,19,2021,5,5/1/2021,"6,583",105,"3,190,369",206.34,3.29
Iowa,19,2021,6,6/1/2021,"1,101",44,"3,190,369",34.51,1.38
Kansas,20,2020,1,1/1/2020,0,0,"2,937,880",0.00,0.00
Kansas,20,2020,2,2/1/2020,0,0,"2,937,880",0.00,0.00
Kansas,20,2020,3,3/1/2020,435,10,"2,937,880",14.81,0.34
Kansas,20,2020,4,4/1/2020,"3,870",123,"2,937,880",131.73,4.19
Kansas,20,2020,5,5/1/2020,"5,573",78,"2,937,880",189.69,2.65
Kansas,20,2020,6,6/1/2020,"4,751",65,"2,937,880",161.72,2.21
Kansas,20,2020,7,7/1/2020,"13,492",82,"2,937,880",459.24,2.79
Kansas,20,2020,8,8/1/2020,"15,286",93,"2,937,880",520.31,3.17
Kansas,20,2020,9,9/1/2020,"17,550",227,"2,937,880",597.37,7.73
Kansas,20,2020,10,10/1/2020,"25,814",351,"2,937,880",878.66,11.95
Kansas,20,2020,11,11/1/2020,"73,657",531,"2,937,880","2,507.15",18.07
Kansas,20,2020,12,12/1/2020,"65,027","1,181","2,937,880","2,213.40",40.20
Kansas,20,2021,1,1/1/2021,"52,178","1,038","2,937,880","1,776.04",35.33
Kansas,20,2021,2,2/1/2021,"19,165",956,"2,937,880",652.34,32.54
Kansas,20,2021,3,3/1/2021,"7,859",178,"2,937,880",267.51,6.06
Kansas,20,2021,4,4/1/2021,"6,556",112,"2,937,880",223.15,3.81
Kansas,20,2021,5,5/1/2021,"4,647",89,"2,937,880",158.18,3.03
Kansas,20,2021,6,6/1/2021,"1,527",26,"2,937,880",51.98,0.88
Kentucky,21,2020,1,1/1/2020,0,0,"4,505,836",0.00,0.00
Kentucky,21,2020,2,2/1/2020,0,0,"4,505,836",0.00,0.00
Kentucky,21,2020,3,3/1/2020,590,18,"4,505,836",13.09,0.40
Kentucky,21,2020,4,4/1/2020,"4,118",222,"4,505,836",91.39,4.93
Kentucky,21,2020,5,5/1/2020,"5,229",201,"4,505,836",116.05,4.46
Kentucky,21,2020,6,6/1/2020,"5,979",147,"4,505,836",132.69,3.26
Kentucky,21,2020,7,7/1/2020,"15,065",165,"4,505,836",334.34,3.66
Kentucky,21,2020,8,8/1/2020,"19,903",212,"4,505,836",441.72,4.71
Kentucky,21,2020,9,9/1/2020,"21,946",243,"4,505,836",487.06,5.39
Kentucky,21,2020,10,10/1/2020,"36,414",343,"4,505,836",808.15,7.61
Kentucky,21,2020,11,11/1/2020,"74,011",514,"4,505,836","1,642.56",11.41
Kentucky,21,2020,12,12/1/2020,"85,573",891,"4,505,836","1,899.16",19.77
Kentucky,21,2021,1,1/1/2021,"98,029","1,021","4,505,836","2,175.60",22.66
Kentucky,21,2021,2,2/1/2021,"41,535",809,"4,505,836",921.80,17.95
Kentucky,21,2021,3,3/1/2021,"21,724","1,365","4,505,836",482.13,30.29
Kentucky,21,2021,4,4/1/2021,"17,357",469,"4,505,836",385.21,10.41
Kentucky,21,2021,5,5/1/2021,"12,587",318,"4,505,836",279.35,7.06
Kentucky,21,2021,6,6/1/2021,"3,234",265,"4,505,836",71.77,5.88
Louisiana,22,2020,1,1/1/2020,0,0,"4,657,757",0.00,0.00
Louisiana,22,2020,2,2/1/2020,0,0,"4,657,757",0.00,0.00
Louisiana,22,2020,3,3/1/2020,"5,237",240,"4,657,757",112.44,5.15
Louisiana,22,2020,4,4/1/2020,"22,807","1,665","4,657,757",489.66,35.75
Louisiana,22,2020,5,5/1/2020,"11,977",886,"4,657,757",257.14,19.02
Louisiana,22,2020,6,6/1/2020,"18,182",430,"4,657,757",390.36,9.23
Louisiana,22,2020,7,7/1/2020,"58,191",728,"4,657,757","1,249.34",15.63
Louisiana,22,2020,8,8/1/2020,"32,500","1,001","4,657,757",697.76,21.49
Louisiana,22,2020,9,9/1/2020,"18,564",561,"4,657,757",398.56,12.04
Louisiana,22,2020,10,10/1/2020,"19,191",408,"4,657,757",412.02,8.76
Louisiana,22,2020,11,11/1/2020,"45,765",501,"4,657,757",982.55,10.76
Louisiana,22,2020,12,12/1/2020,"82,861","1,068","4,657,757","1,778.99",22.93
Louisiana,22,2021,1,1/1/2021,"85,351","1,371","4,657,757","1,832.45",29.43
Louisiana,22,2021,2,2/1/2021,"29,474",749,"4,657,757",632.79,16.08
Louisiana,22,2021,3,3/1/2021,"14,833",533,"4,657,757",318.46,11.44
Louisiana,22,2021,4,4/1/2021,"13,648",241,"4,657,757",293.02,5.17
Louisiana,22,2021,5,5/1/2021,"12,104",194,"4,657,757",259.87,4.17
Louisiana,22,2021,6,6/1/2021,"4,669",72,"4,657,757",100.24,1.55
Maine,23,2020,1,1/1/2020,0,0,"1,362,359",0.00,0.00
Maine,23,2020,2,2/1/2020,0,0,"1,362,359",0.00,0.00
Maine,23,2020,3,3/1/2020,303,5,"1,362,359",22.24,0.37
Maine,23,2020,4,4/1/2020,792,48,"1,362,359",58.13,3.52
Maine,23,2020,5,5/1/2020,"1,230",36,"1,362,359",90.28,2.64
Maine,23,2020,6,6/1/2020,928,16,"1,362,359",68.12,1.17
Maine,23,2020,7,7/1/2020,659,18,"1,362,359",48.37,1.32
Maine,23,2020,8,8/1/2020,614,9,"1,362,359",45.07,0.66
Maine,23,2020,9,9/1/2020,865,9,"1,362,359",63.49,0.66
Maine,23,2020,10,10/1/2020,"1,277",6,"1,362,359",93.73,0.44
Maine,23,2020,11,11/1/2020,"5,089",47,"1,362,359",373.54,3.45
Maine,23,2020,12,12/1/2020,"12,444",153,"1,362,359",913.42,11.23
Maine,23,2021,1,1/1/2021,"15,123",243,"1,362,359","1,110.06",17.84
Maine,23,2021,2,2/1/2021,"5,310",113,"1,362,359",389.77,8.29
Maine,23,2021,3,3/1/2021,"5,870",40,"1,362,359",430.87,2.94
Maine,23,2021,4,4/1/2021,"10,709",41,"1,362,359",786.06,3.01
Maine,23,2021,5,5/1/2021,"6,567",41,"1,362,359",482.03,3.01
Maine,23,2021,6,6/1/2021,760,20,"1,362,359",55.79,1.47
Maryland,24,2020,1,1/1/2020,0,0,"6,177,224",0.00,0.00
Maryland,24,2020,2,2/1/2020,0,0,"6,177,224",0.00,0.00
Maryland,24,2020,3,3/1/2020,"1,662",18,"6,177,224",26.91,0.29
Maryland,24,2020,4,4/1/2020,"20,163","1,121","6,177,224",326.41,18.15
Maryland,24,2020,5,5/1/2020,"31,631","1,393","6,177,224",512.06,22.55
Maryland,24,2020,6,6/1/2020,"14,696",658,"6,177,224",237.91,10.65
Maryland,24,2020,7,7/1/2020,"20,755",303,"6,177,224",335.99,4.91
Maryland,24,2020,8,8/1/2020,"19,835",262,"6,177,224",321.10,4.24
Maryland,24,2020,9,9/1/2020,"16,475",194,"6,177,224",266.71,3.14
Maryland,24,2020,10,10/1/2020,"20,376",198,"6,177,224",329.86,3.21
Maryland,24,2020,11,11/1/2020,"53,117",494,"6,177,224",859.88,8.00
Maryland,24,2020,12,12/1/2020,"78,124","1,254","6,177,224","1,264.71",20.30
Maryland,24,2021,1,1/1/2021,"77,815","1,232","6,177,224","1,259.71",19.94
Maryland,24,2021,2,2/1/2021,"27,632",742,"6,177,224",447.32,12.01
Maryland,24,2021,3,3/1/2021,"29,248",417,"6,177,224",473.48,6.75
Maryland,24,2021,4,4/1/2021,"36,061",458,"6,177,224",583.77,7.41
Maryland,24,2021,5,5/1/2021,"12,516",870,"6,177,224",202.62,14.08
Maryland,24,2021,6,6/1/2021,"1,296",69,"6,177,224",20.98,1.12
Massachusetts,25,2020,1,1/1/2020,0,0,"7,029,917",0.00,0.00
Massachusetts,25,2020,2,2/1/2020,1,0,"7,029,917",0.01,0.00
Massachusetts,25,2020,3,3/1/2020,"6,619",89,"7,029,917",94.15,1.27
Massachusetts,25,2020,4,4/1/2020,"55,585","3,473","7,029,917",790.69,49.40
Massachusetts,25,2020,5,5/1/2020,"34,760","3,284","7,029,917",494.46,46.71
Massachusetts,25,2020,6,6/1/2020,"11,917","1,208","7,029,917",169.52,17.18
Massachusetts,25,2020,7,7/1/2020,"8,730",555,"7,029,917",124.18,7.89
Massachusetts,25,2020,8,8/1/2020,"10,921",451,"7,029,917",155.35,6.42
Massachusetts,25,2020,9,9/1/2020,"3,583",396,"7,029,917",50.97,5.63
Massachusetts,25,2020,10,10/1/2020,"26,460",535,"7,029,917",376.39,7.61
Massachusetts,25,2020,11,11/1/2020,"67,556",757,"7,029,917",960.98,10.77
Massachusetts,25,2020,12,12/1/2020,"149,046","1,675","7,029,917","2,120.17",23.83
Massachusetts,25,2021,1,1/1/2021,"148,847","2,154","7,029,917","2,117.34",30.64
Massachusetts,25,2021,2,2/1/2021,"57,123","1,541","7,029,917",812.57,21.92
Massachusetts,25,2021,3,3/1/2021,"54,432","1,067","7,029,917",774.29,15.18
Massachusetts,25,2021,4,4/1/2021,"53,393",425,"7,029,917",759.51,6.05
Massachusetts,25,2021,5,5/1/2021,"17,972",262,"7,029,917",255.65,3.73
Massachusetts,25,2021,6,6/1/2021,"1,891",67,"7,029,917",26.90,0.95
Michigan,26,2020,1,1/1/2020,0,0,"10,077,331",0.00,0.00
Michigan,26,2020,2,2/1/2020,0,0,"10,077,331",0.00,0.00
Michigan,26,2020,3,3/1/2020,"7,629",264,"10,077,331",75.70,2.62
Michigan,26,2020,4,4/1/2020,"33,719","3,524","10,077,331",334.60,34.97
Michigan,26,2020,5,5/1/2020,"16,007","1,703","10,077,331",158.84,16.90
Michigan,26,2020,6,6/1/2020,"13,495",706,"10,077,331",133.91,7.01
Michigan,26,2020,7,7/1/2020,"19,902",256,"10,077,331",197.49,2.54
Michigan,26,2020,8,8/1/2020,"22,411",303,"10,077,331",222.39,3.01
Michigan,26,2020,9,9/1/2020,"24,911",328,"10,077,331",247.20,3.25
Michigan,26,2020,10,10/1/2020,"59,090",615,"10,077,331",586.37,6.10
Michigan,26,2020,11,11/1/2020,"190,938","1,866","10,077,331","1,894.73",18.52
Michigan,26,2020,12,12/1/2020,"138,566","3,445","10,077,331","1,375.03",34.19
Michigan,26,2021,1,1/1/2021,"81,233","2,506","10,077,331",806.10,24.87
Michigan,26,2021,2,2/1/2021,"36,663",982,"10,077,331",363.82,9.74
Michigan,26,2021,3,3/1/2021,"100,259",614,"10,077,331",994.90,6.09
Michigan,26,2021,4,4/1/2021,"189,753","1,631","10,077,331","1,882.97",16.18
Michigan,26,2021,5,5/1/2021,"55,623","1,618","10,077,331",551.96,16.06
Michigan,26,2021,6,6/1/2021,"5,018",403,"10,077,331",49.79,4.00
Minnesota,27,2020,1,1/1/2020,0,0,"5,706,494",0.00,0.00
Minnesota,27,2020,2,2/1/2020,0,0,"5,706,494",0.00,0.00
Minnesota,27,2020,3,3/1/2020,629,12,"5,706,494",11.02,0.21
Minnesota,27,2020,4,4/1/2020,"4,507",331,"5,706,494",78.98,5.80
Minnesota,27,2020,5,5/1/2020,"19,724",707,"5,706,494",345.64,12.39
Minnesota,27,2020,6,6/1/2020,"11,478",426,"5,706,494",201.14,7.47
Minnesota,27,2020,7,7/1/2020,"18,165",164,"5,706,494",318.32,2.87
Minnesota,27,2020,8,8/1/2020,"21,410",226,"5,706,494",375.19,3.96
Minnesota,27,2020,9,9/1/2020,"23,274",223,"5,706,494",407.85,3.91
Minnesota,27,2020,10,10/1/2020,"49,339",422,"5,706,494",864.61,7.40
Minnesota,27,2020,11,11/1/2020,"170,296","1,141","5,706,494","2,984.25",19.99
Minnesota,27,2020,12,12/1/2020,"96,539","1,730","5,706,494","1,691.74",30.32
Minnesota,27,2021,1,1/1/2021,"46,514",886,"5,706,494",815.11,15.53
Minnesota,27,2021,2,2/1/2021,"22,787",283,"5,706,494",399.32,4.96
Minnesota,27,2021,3,3/1/2021,"34,945",375,"5,706,494",612.37,6.57
Minnesota,27,2021,4,4/1/2021,"56,298",311,"5,706,494",986.56,5.45
Minnesota,27,2021,5,5/1/2021,"25,572",282,"5,706,494",448.12,4.94
Minnesota,27,2021,6,6/1/2021,"2,230",77,"5,706,494",39.08,1.35
Mississippi,28,2020,1,1/1/2020,0,0,"2,961,279",0.00,0.00
Mississippi,28,2020,2,2/1/2020,0,0,"2,961,279",0.00,0.00
Mississippi,28,2020,3,3/1/2020,937,20,"2,961,279",31.64,0.68
Mississippi,28,2020,4,4/1/2020,"5,878",241,"2,961,279",198.50,8.14
Mississippi,28,2020,5,5/1/2020,"8,686",473,"2,961,279",293.32,15.97
Mississippi,28,2020,6,6/1/2020,"11,747",339,"2,961,279",396.69,11.45
Mississippi,28,2020,7,7/1/2020,"31,499",590,"2,961,279","1,063.70",19.92
Mississippi,28,2020,8,8/1/2020,"24,203",810,"2,961,279",817.32,27.35
Mississippi,28,2020,9,9/1/2020,"15,240",496,"2,961,279",514.64,16.75
Mississippi,28,2020,10,10/1/2020,"21,970",365,"2,961,279",741.91,12.33
Mississippi,28,2020,11,11/1/2020,"33,110",473,"2,961,279","1,118.10",15.97
Mississippi,28,2020,12,12/1/2020,"62,541",980,"2,961,279","2,111.96",33.09
Mississippi,28,2021,1,1/1/2021,"59,190","1,258","2,961,279","1,998.80",42.48
Mississippi,28,2021,2,2/1/2021,"19,794",636,"2,961,279",668.43,21.48
Mississippi,28,2021,3,3/1/2021,"10,351",351,"2,961,279",349.54,11.85
Mississippi,28,2021,4,4/1/2021,"6,754",167,"2,961,279",228.08,5.64
Mississippi,28,2021,5,5/1/2021,"5,813",117,"2,961,279",196.30,3.95
Mississippi,28,2021,6,6/1/2021,"1,402",37,"2,961,279",47.34,1.25
Missouri,29,2020,1,1/1/2020,0,0,"6,154,913",0.00,0.00
Missouri,29,2020,2,2/1/2020,0,0,"6,154,913",0.00,0.00
Missouri,29,2020,3,3/1/2020,"1,350",15,"6,154,913",21.93,0.24
Missouri,29,2020,4,4/1/2020,"6,213",326,"6,154,913",100.94,5.30
Missouri,29,2020,5,5/1/2020,"5,734",443,"6,154,913",93.16,7.20
Missouri,29,2020,6,6/1/2020,"8,978",253,"6,154,913",145.87,4.11
Missouri,29,2020,7,7/1/2020,"28,799",268,"6,154,913",467.90,4.35
Missouri,29,2020,8,8/1/2020,"35,254",318,"6,154,913",572.78,5.17
Missouri,29,2020,9,9/1/2020,"43,737",534,"6,154,913",710.60,8.68
Missouri,29,2020,10,10/1/2020,"59,860",933,"6,154,913",972.56,15.16
Missouri,29,2020,11,11/1/2020,"125,056",891,"6,154,913","2,031.81",14.48
Missouri,29,2020,12,12/1/2020,"103,656","1,906","6,154,913","1,684.12",30.97
Missouri,29,2021,1,1/1/2021,"80,893","1,289","6,154,913","1,314.28",20.94
Missouri,29,2021,2,2/1/2021,"25,070","1,206","6,154,913",407.32,19.59
Missouri,29,2021,3,3/1/2021,"64,300",595,"6,154,913","1,044.69",9.67
Missouri,29,2021,4,4/1/2021,"12,010",266,"6,154,913",195.13,4.32
Missouri,29,2021,5,5/1/2021,"14,498",433,"6,154,913",235.55,7.04
Missouri,29,2021,6,6/1/2021,"6,069",127,"6,154,913",98.60,2.06
Montana,30,2020,1,1/1/2020,0,0,"1,084,225",0.00,0.00
Montana,30,2020,2,2/1/2020,0,0,"1,084,225",0.00,0.00
Montana,30,2020,3,3/1/2020,198,5,"1,084,225",18.26,0.46
Montana,30,2020,4,4/1/2020,254,11,"1,084,225",23.43,1.01
Montana,30,2020,5,5/1/2020,63,1,"1,084,225",5.81,0.09
Montana,30,2020,6,6/1/2020,452,5,"1,084,225",41.69,0.46
Montana,30,2020,7,7/1/2020,"3,010",38,"1,084,225",277.62,3.50
Montana,30,2020,8,8/1/2020,"3,463",44,"1,084,225",319.40,4.06
Montana,30,2020,9,9/1/2020,"5,739",76,"1,084,225",529.32,7.01
Montana,30,2020,10,10/1/2020,"19,622",197,"1,084,225","1,809.77",18.17
Montana,30,2020,11,11/1/2020,"29,455",307,"1,084,225","2,716.69",28.32
Montana,30,2020,12,12/1/2020,"19,445",278,"1,084,225","1,793.45",25.64
Montana,30,2021,1,1/1/2021,"12,260",272,"1,084,225","1,130.76",25.09
Montana,30,2021,2,2/1/2021,"6,038",124,"1,084,225",556.90,11.44
Montana,30,2021,3,3/1/2021,"4,678",79,"1,084,225",431.46,7.29
Montana,30,2021,4,4/1/2021,"4,254",135,"1,084,225",392.35,12.45
Montana,30,2021,5,5/1/2021,"2,997",41,"1,084,225",276.42,3.78
Montana,30,2021,6,6/1/2021,940,28,"1,084,225",86.70,2.58
Nebraska,31,2020,1,1/1/2020,0,0,"1,961,504",0.00,0.00
Nebraska,31,2020,2,2/1/2020,13,0,"1,961,504",0.66,0.00
Nebraska,31,2020,3,3/1/2020,186,4,"1,961,504",9.48,0.20
Nebraska,31,2020,4,4/1/2020,"4,133",66,"1,961,504",210.71,3.36
Nebraska,31,2020,5,5/1/2020,"9,769",108,"1,961,504",498.04,5.51
Nebraska,31,2020,6,6/1/2020,"5,093",101,"1,961,504",259.65,5.15
Nebraska,31,2020,7,7/1/2020,"7,017",59,"1,961,504",357.74,3.01
Nebraska,31,2020,8,8/1/2020,"8,076",64,"1,961,504",411.72,3.26
Nebraska,31,2020,9,9/1/2020,"11,277",91,"1,961,504",574.92,4.64
Nebraska,31,2020,10,10/1/2020,"25,197",161,"1,961,504","1,284.58",8.21
Nebraska,31,2020,11,11/1/2020,"58,282",393,"1,961,504","2,971.29",20.04
Nebraska,31,2020,12,12/1/2020,"38,752",643,"1,961,504","1,975.63",32.78
Nebraska,31,2021,1,1/1/2021,"23,968",335,"1,961,504","1,221.92",17.08
Nebraska,31,2021,2,2/1/2021,"9,535",174,"1,961,504",486.11,8.87
Nebraska,31,2021,3,3/1/2021,"8,304",83,"1,961,504",423.35,4.23
Nebraska,31,2021,4,4/1/2021,"10,224",84,"1,961,504",521.23,4.28
Nebraska,31,2021,5,5/1/2021,"3,542",129,"1,961,504",180.58,6.58
Nebraska,31,2021,6,6/1/2021,424,22,"1,961,504",21.62,1.12
Nevada,32,2020,1,1/1/2020,0,0,"3,104,614",0.00,0.00
Nevada,32,2020,2,2/1/2020,0,0,"3,104,614",0.00,0.00
Nevada,32,2020,3,3/1/2020,"1,113",26,"3,104,614",35.85,0.84
Nevada,32,2020,4,4/1/2020,"3,940",217,"3,104,614",126.91,6.99
Nevada,32,2020,5,5/1/2020,"3,575",176,"3,104,614",115.15,5.67
Nevada,32,2020,6,6/1/2020,"9,954",88,"3,104,614",320.62,2.83
Nevada,32,2020,7,7/1/2020,"29,560",324,"3,104,614",952.13,10.44
Nevada,32,2020,8,8/1/2020,"21,176",474,"3,104,614",682.08,15.27
Nevada,32,2020,9,9/1/2020,"10,766",295,"3,104,614",346.77,9.50
Nevada,32,2020,10,10/1/2020,"20,760",179,"3,104,614",668.68,5.77
Nevada,32,2020,11,11/1/2020,"51,882",370,"3,104,614","1,671.13",11.92
Nevada,32,2020,12,12/1/2020,"72,439",987,"3,104,614","2,333.27",31.79
Nevada,32,2021,1,1/1/2021,"53,282","1,135","3,104,614","1,716.22",36.56
Nevada,32,2021,2,2/1/2021,"15,368",686,"3,104,614",495.01,22.10
Nevada,32,2021,3,3/1/2021,"9,984",292,"3,104,614",321.59,9.41
Nevada,32,2021,4,4/1/2021,"11,639",215,"3,104,614",374.89,6.93
Nevada,32,2021,5,5/1/2021,"8,310",122,"3,104,614",267.67,3.93
Nevada,32,2021,6,6/1/2021,"3,392",36,"3,104,614",109.26,1.16
New Hampshire,33,2020,1,1/1/2020,0,0,"1,377,529",0.00,0.00
New Hampshire,33,2020,2,2/1/2020,0,0,"1,377,529",0.00,0.00
New Hampshire,33,2020,3,3/1/2020,367,3,"1,377,529",26.64,0.22
New Hampshire,33,2020,4,4/1/2020,"1,779",69,"1,377,529",129.14,5.01
New Hampshire,33,2020,5,5/1/2020,"2,505",173,"1,377,529",181.85,12.56
New Hampshire,33,2020,6,6/1/2020,"1,131",126,"1,377,529",82.10,9.15
New Hampshire,33,2020,7,7/1/2020,801,44,"1,377,529",58.15,3.19
New Hampshire,33,2020,8,8/1/2020,692,17,"1,377,529",50.23,1.23
New Hampshire,33,2020,9,9/1/2020,991,7,"1,377,529",71.94,0.51
New Hampshire,33,2020,10,10/1/2020,"2,818",44,"1,377,529",204.57,3.19
New Hampshire,33,2020,11,11/1/2020,"9,910",43,"1,377,529",719.40,3.12
New Hampshire,33,2020,12,12/1/2020,"23,034",233,"1,377,529","1,672.12",16.91
New Hampshire,33,2021,1,1/1/2021,"21,667",298,"1,377,529","1,572.89",21.63
New Hampshire,33,2021,2,2/1/2021,"9,729",113,"1,377,529",706.26,8.20
New Hampshire,33,2021,3,3/1/2021,"8,752",68,"1,377,529",635.34,4.94
New Hampshire,33,2021,4,4/1/2021,"10,710",65,"1,377,529",777.48,4.72
New Hampshire,33,2021,5,5/1/2021,"3,840",50,"1,377,529",278.76,3.63
New Hampshire,33,2021,6,6/1/2021,342,7,"1,377,529",24.83,0.51
New Jersey,34,2020,1,1/1/2020,0,0,"9,288,994",0.00,0.00
New Jersey,34,2020,2,2/1/2020,0,0,"9,288,994",0.00,0.00
New Jersey,34,2020,3,3/1/2020,"18,696",267,"9,288,994",201.27,2.87
New Jersey,34,2020,4,4/1/2020,"99,956","6,961","9,288,994","1,076.07",74.94
New Jersey,34,2020,5,5/1/2020,"41,793","4,470","9,288,994",449.92,48.12
New Jersey,34,2020,6,6/1/2020,"13,076","3,337","9,288,994",140.77,35.92
New Jersey,34,2020,7,7/1/2020,"10,014",784,"9,288,994",107.81,8.44
New Jersey,34,2020,8,8/1/2020,"10,205",126,"9,288,994",109.86,1.36
New Jersey,34,2020,9,9/1/2020,"13,322",177,"9,288,994",143.42,1.91
New Jersey,34,2020,10,10/1/2020,"32,617",228,"9,288,994",351.14,2.45
New Jersey,34,2020,11,11/1/2020,"99,454",643,"9,288,994","1,070.66",6.92
New Jersey,34,2020,12,12/1/2020,"140,248","2,049","9,288,994","1,509.83",22.06
New Jersey,34,2021,1,1/1/2021,"217,450","2,442","9,288,994","2,340.94",26.29
New Jersey,34,2021,2,2/1/2021,"92,523","1,768","9,288,994",996.05,19.03
New Jersey,34,2021,3,3/1/2021,"119,458","1,276","9,288,994","1,286.02",13.74
New Jersey,34,2021,4,4/1/2021,"88,410","1,026","9,288,994",951.77,11.05
New Jersey,34,2021,5,5/1/2021,"19,110",658,"9,288,994",205.73,7.08
New Jersey,34,2021,6,6/1/2021,"3,024",115,"9,288,994",32.55,1.24
New Mexico,35,2020,1,1/1/2020,0,0,"2,117,522",0.00,0.00
New Mexico,35,2020,2,2/1/2020,0,0,"2,117,522",0.00,0.00
New Mexico,35,2020,3,3/1/2020,315,5,"2,117,522",14.88,0.24
New Mexico,35,2020,4,4/1/2020,"3,096",118,"2,117,522",146.21,5.57
New Mexico,35,2020,5,5/1/2020,"4,278",233,"2,117,522",202.03,11.00
New Mexico,35,2020,6,6/1/2020,"4,458",141,"2,117,522",210.53,6.66
New Mexico,35,2020,7,7/1/2020,"8,453",145,"2,117,522",399.19,6.85
New Mexico,35,2020,8,8/1/2020,"4,752",137,"2,117,522",224.41,6.47
New Mexico,35,2020,9,9/1/2020,"4,083",98,"2,117,522",192.82,4.63
New Mexico,35,2020,10,10/1/2020,"17,055",141,"2,117,522",805.42,6.66
New Mexico,35,2020,11,11/1/2020,"50,605",550,"2,117,522","2,389.82",25.97
New Mexico,35,2020,12,12/1/2020,"45,802",911,"2,117,522","2,163.00",43.02
New Mexico,35,2021,1,1/1/2021,"31,167",806,"2,117,522","1,471.86",38.06
New Mexico,35,2021,2,2/1/2021,"11,068",431,"2,117,522",522.69,20.35
New Mexico,35,2021,3,3/1/2021,"6,520",223,"2,117,522",307.91,10.53
New Mexico,35,2021,4,4/1/2021,"6,081",130,"2,117,522",287.18,6.14
New Mexico,35,2021,5,5/1/2021,"5,088",196,"2,117,522",240.28,9.26
New Mexico,35,2021,6,6/1/2021,"1,223",34,"2,117,522",57.76,1.61
New York,36,2020,1,1/1/2020,0,0,"20,201,249",0.00,0.00
New York,36,2020,2,2/1/2020,0,0,"20,201,249",0.00,0.00
New York,36,2020,3,3/1/2020,"76,211","1,929","20,201,249",377.26,9.55
New York,36,2020,4,4/1/2020,"233,485","21,687","20,201,249","1,155.79",107.35
New York,36,2020,5,5/1/2020,"65,879","6,083","20,201,249",326.11,30.11
New York,36,2020,6,6/1/2020,"22,567","2,077","20,201,249",111.71,10.28
New York,36,2020,7,7/1/2020,"21,581",596,"20,201,249",106.83,2.95
New York,36,2020,8,8/1/2020,"19,757",169,"20,201,249",97.80,0.84
New York,36,2020,9,9/1/2020,"23,889",216,"20,201,249",118.26,1.07
New York,36,2020,10,10/1/2020,"48,854",395,"20,201,249",241.84,1.96
New York,36,2020,11,11/1/2020,"140,525",998,"20,201,249",695.63,4.94
New York,36,2020,12,12/1/2020,"326,292","3,407","20,201,249","1,615.21",16.87
New York,36,2021,1,1/1/2021,"441,124","5,621","20,201,249","2,183.65",27.83
New York,36,2021,2,2/1/2021,"223,960","3,965","20,201,249","1,108.64",19.63
New York,36,2021,3,3/1/2021,"227,471","2,647","20,201,249","1,126.02",13.10
New York,36,2021,4,4/1/2021,"174,727","1,938","20,201,249",864.93,9.59
New York,36,2021,5,5/1/2021,"54,311","1,030","20,201,249",268.85,5.10
New York,36,2021,6,6/1/2021,"6,539",200,"20,201,249",32.37,0.99
North Carolina,37,2020,1,1/1/2020,0,0,"10,439,388",0.00,0.00
North Carolina,37,2020,2,2/1/2020,0,0,"10,439,388",0.00,0.00
North Carolina,37,2020,3,3/1/2020,"1,527",10,"10,439,388",14.63,0.10
North Carolina,37,2020,4,4/1/2020,"8,980",375,"10,439,388",86.02,3.59
North Carolina,37,2020,5,5/1/2020,"18,179",526,"10,439,388",174.14,5.04
North Carolina,37,2020,6,6/1/2020,"36,378",451,"10,439,388",348.47,4.32
North Carolina,37,2020,7,7/1/2020,"57,306",585,"10,439,388",548.94,5.60
North Carolina,37,2020,8,8/1/2020,"45,619",786,"10,439,388",436.99,7.53
North Carolina,37,2020,9,9/1/2020,"43,015",832,"10,439,388",412.05,7.97
North Carolina,37,2020,10,10/1/2020,"63,801",835,"10,439,388",611.16,8.00
North Carolina,37,2020,11,11/1/2020,"90,163",896,"10,439,388",863.68,8.58
North Carolina,37,2020,12,12/1/2020,"176,102","1,515","10,439,388","1,686.90",14.51
North Carolina,37,2021,1,1/1/2021,"217,088","2,570","10,439,388","2,079.51",24.62
North Carolina,37,2021,2,2/1/2021,"101,369","1,860","10,439,388",971.02,17.82
North Carolina,37,2021,3,3/1/2021,"55,929",896,"10,439,388",535.75,8.58
North Carolina,37,2021,4,4/1/2021,"55,143",539,"10,439,388",528.22,5.16
North Carolina,37,2021,5,5/1/2021,"31,294",425,"10,439,388",299.77,4.07
North Carolina,37,2021,6,6/1/2021,"6,601",186,"10,439,388",63.23,1.78
North Dakota,38,2020,1,1/1/2020,0,0,"779,094",0.00,0.00
North Dakota,38,2020,2,2/1/2020,0,0,"779,094",0.00,0.00
North Dakota,38,2020,3,3/1/2020,126,3,"779,094",16.17,0.39
North Dakota,38,2020,4,4/1/2020,941,16,"779,094",120.78,2.05
North Dakota,38,2020,5,5/1/2020,"1,513",45,"779,094",194.20,5.78
North Dakota,38,2020,6,6/1/2020,"1,005",24,"779,094",129.00,3.08
North Dakota,38,2020,7,7/1/2020,"2,888",19,"779,094",370.69,2.44
North Dakota,38,2020,8,8/1/2020,"5,347",40,"779,094",686.31,5.13
North Dakota,38,2020,9,9/1/2020,"10,029",103,"779,094","1,287.26",13.22
North Dakota,38,2020,10,10/1/2020,"22,072",279,"779,094","2,833.03",35.81
North Dakota,38,2020,11,11/1/2020,"35,337",404,"779,094","4,535.65",51.86
North Dakota,38,2020,12,12/1/2020,"13,244",366,"779,094","1,699.92",46.98
North Dakota,38,2021,1,1/1/2021,"5,153",148,"779,094",661.41,19.00
North Dakota,38,2021,2,2/1/2021,"2,184",28,"779,094",280.33,3.59
North Dakota,38,2021,3,3/1/2021,"3,284",23,"779,094",421.52,2.95
North Dakota,38,2021,4,4/1/2021,"4,381",25,"779,094",562.32,3.21
North Dakota,38,2021,5,5/1/2021,"2,471",20,"779,094",317.16,2.57
North Dakota,38,2021,6,6/1/2021,482,8,"779,094",61.87,1.03
Ohio,39,2020,1,1/1/2020,0,0,"11,799,448",0.00,0.00
Ohio,39,2020,2,2/1/2020,0,0,"11,799,448",0.00,0.00
Ohio,39,2020,3,3/1/2020,"2,199",55,"11,799,448",18.64,0.47
Ohio,39,2020,4,4/1/2020,"15,828",920,"11,799,448",134.14,7.80
Ohio,39,2020,5,5/1/2020,"17,486","1,180","11,799,448",148.19,10.00
Ohio,39,2020,6,6/1/2020,"16,276",708,"11,799,448",137.94,6.00
Ohio,39,2020,7,7/1/2020,"39,370",626,"11,799,448",333.66,5.31
Ohio,39,2020,8,8/1/2020,"31,998",649,"11,799,448",271.18,5.50
Ohio,39,2020,9,9/1/2020,"30,830",666,"11,799,448",261.28,5.64
Ohio,39,2020,10,10/1/2020,"61,710",497,"11,799,448",522.99,4.21
Ohio,39,2020,11,11/1/2020,"205,366","1,128","11,799,448","1,740.47",9.56
Ohio,39,2020,12,12/1/2020,"279,317","2,533","11,799,448","2,367.20",21.47
Ohio,39,2021,1,1/1/2021,"195,412","2,216","11,799,448","1,656.11",18.78
Ohio,39,2021,2,2/1/2021,"71,630","6,121","11,799,448",607.06,51.88
Ohio,39,2021,3,3/1/2021,"50,144","1,310","11,799,448",424.97,11.10
Ohio,39,2021,4,4/1/2021,"54,746",675,"11,799,448",463.97,5.72
Ohio,39,2021,5,5/1/2021,"29,622",577,"11,799,448",251.05,4.89
Ohio,39,2021,6,6/1/2021,"4,862",230,"11,799,448",41.21,1.95
Oklahoma,40,2020,1,1/1/2020,0,0,"3,959,353",0.00,0.00
Oklahoma,40,2020,2,2/1/2020,0,0,"3,959,353",0.00,0.00
Oklahoma,40,2020,3,3/1/2020,566,23,"3,959,353",14.30,0.58
Oklahoma,40,2020,4,4/1/2020,"3,052",199,"3,959,353",77.08,5.03
Oklahoma,40,2020,5,5/1/2020,"2,888",112,"3,959,353",72.94,2.83
Oklahoma,40,2020,6,6/1/2020,"7,251",53,"3,959,353",183.14,1.34
Oklahoma,40,2020,7,7/1/2020,"22,699",154,"3,959,353",573.30,3.89
Oklahoma,40,2020,8,8/1/2020,"22,277",259,"3,959,353",562.64,6.54
Oklahoma,40,2020,9,9/1/2020,"28,466",231,"3,959,353",718.96,5.83
Oklahoma,40,2020,10,10/1/2020,"35,563",306,"3,959,353",898.20,7.73
Oklahoma,40,2020,11,11/1/2020,"74,983",406,"3,959,353","1,893.82",10.25
Oklahoma,40,2020,12,12/1/2020,"93,191",746,"3,959,353","2,353.69",18.84
Oklahoma,40,2021,1,1/1/2021,"98,536","1,058","3,959,353","2,488.69",26.72
Oklahoma,40,2021,2,2/1/2021,"35,036",881,"3,959,353",884.89,22.25
Oklahoma,40,2021,3,3/1/2021,"13,856",525,"3,959,353",349.96,13.26
Oklahoma,40,2021,4,4/1/2021,"9,941","1,835","3,959,353",251.08,46.35
Oklahoma,40,2021,5,5/1/2021,"4,867",503,"3,959,353",122.92,12.70
Oklahoma,40,2021,6,6/1/2021,"1,222",34,"3,959,353",30.86,0.86
Oregon,41,2020,1,1/1/2020,0,0,"4,237,256",0.00,0.00
Oregon,41,2020,2,2/1/2020,1,0,"4,237,256",0.02,0.00
Oregon,41,2020,3,3/1/2020,689,18,"4,237,256",16.26,0.42
Oregon,41,2020,4,4/1/2020,"1,820",85,"4,237,256",42.95,2.01
Oregon,41,2020,5,5/1/2020,"1,733",50,"4,237,256",40.90,1.18
Oregon,41,2020,6,6/1/2020,"4,452",57,"4,237,256",105.07,1.35
Oregon,41,2020,7,7/1/2020,"9,815",115,"4,237,256",231.64,2.71
Oregon,41,2020,8,8/1/2020,"8,213",142,"4,237,256",193.83,3.35
Oregon,41,2020,9,9/1/2020,"6,831",93,"4,237,256",161.21,2.19
Oregon,41,2020,10,10/1/2020,"11,369",130,"4,237,256",268.31,3.07
Oregon,41,2020,11,11/1/2020,"30,531",229,"4,237,256",720.54,5.40
Oregon,41,2020,12,12/1/2020,"38,475",566,"4,237,256",908.02,13.36
Oregon,41,2021,1,1/1/2021,"28,488",487,"4,237,256",672.32,11.49
Oregon,41,2021,2,2/1/2021,"13,180",246,"4,237,256",311.05,5.81
Oregon,41,2021,3,3/1/2021,"9,416",178,"4,237,256",222.22,4.20
Oregon,41,2021,4,4/1/2021,"19,825",115,"4,237,256",467.87,2.71
Oregon,41,2021,5,5/1/2021,"16,723",189,"4,237,256",394.67,4.46
Oregon,41,2021,6,6/1/2021,"3,337",59,"4,237,256",78.75,1.39
Pennsylvania,42,2020,1,1/1/2020,0,0,"13,002,700",0.00,0.00
Pennsylvania,42,2020,2,2/1/2020,0,0,"13,002,700",0.00,0.00
Pennsylvania,42,2020,3,3/1/2020,"4,997",72,"13,002,700",38.43,0.55
Pennsylvania,42,2020,4,4/1/2020,"43,227","2,508","13,002,700",332.45,19.29
Pennsylvania,42,2020,5,5/1/2020,"27,994","2,975","13,002,700",215.29,22.88
Pennsylvania,42,2020,6,6/1/2020,"15,008","1,140","13,002,700",115.42,8.77
Pennsylvania,42,2020,7,7/1/2020,"25,561",566,"13,002,700",196.58,4.35
Pennsylvania,42,2020,8,8/1/2020,"22,053",482,"13,002,700",169.60,3.71
Pennsylvania,42,2020,9,9/1/2020,"25,295",473,"13,002,700",194.54,3.64
Pennsylvania,42,2020,10,10/1/2020,"48,681",667,"13,002,700",374.39,5.13
Pennsylvania,42,2020,11,11/1/2020,"154,155","1,556","13,002,700","1,185.56",11.97
Pennsylvania,42,2020,12,12/1/2020,"279,089","5,581","13,002,700","2,146.39",42.92
Pennsylvania,42,2021,1,1/1/2021,"202,184","5,695","13,002,700","1,554.94",43.80
Pennsylvania,42,2021,2,2/1/2021,"87,667","2,341","13,002,700",674.22,18.00
Pennsylvania,42,2021,3,3/1/2021,"94,504","1,094","13,002,700",726.80,8.41
Pennsylvania,42,2021,4,4/1/2021,"125,831","1,125","13,002,700",967.73,8.65
Pennsylvania,42,2021,5,5/1/2021,"50,509",993,"13,002,700",388.45,7.64
Pennsylvania,42,2021,6,6/1/2021,"6,067",258,"13,002,700",46.66,1.98
Puerto Rico,72,2020,1,1/1/2020,0,0,"3,285,874",0.00,0.00
Puerto Rico,72,2020,2,2/1/2020,0,0,"3,285,874",0.00,0.00
Puerto Rico,72,2020,3,3/1/2020,239,8,"3,285,874",7.27,0.24
Puerto Rico,72,2020,4,4/1/2020,"1,298",84,"3,285,874",39.50,2.56
Puerto Rico,72,2020,5,5/1/2020,"2,239",44,"3,285,874",68.14,1.34
Puerto Rico,72,2020,6,6/1/2020,"3,689",17,"3,285,874",112.27,0.52
Puerto Rico,72,2020,7,7/1/2020,"9,316",66,"3,285,874",283.52,2.01
Puerto Rico,72,2020,8,8/1/2020,"16,418",215,"3,285,874",499.65,6.54
Puerto Rico,72,2020,9,9/1/2020,"15,556",227,"3,285,874",473.42,6.91
Puerto Rico,72,2020,10,10/1/2020,"17,373",161,"3,285,874",528.72,4.90
Puerto Rico,72,2020,11,11/1/2020,"20,032",284,"3,285,874",609.64,8.64
Puerto Rico,72,2020,12,12/1/2020,"23,746",397,"3,285,874",722.67,12.08
Puerto Rico,72,2021,1,1/1/2021,"17,333",326,"3,285,874",527.50,9.92
Puerto Rico,72,2021,2,2/1/2021,"6,673",207,"3,285,874",203.08,6.30
Puerto Rico,72,2021,3,3/1/2021,"6,808",77,"3,285,874",207.19,2.34
Puerto Rico,72,2021,4,4/1/2021,"24,332",190,"3,285,874",740.50,5.78
Puerto Rico,72,2021,5,5/1/2021,"7,253",199,"3,285,874",220.73,6.06
Puerto Rico,72,2021,6,6/1/2021,633,28,"3,285,874",19.26,0.85
Rhode Island,44,2020,1,1/1/2020,0,0,"1,097,379",0.00,0.00
Rhode Island,44,2020,2,2/1/2020,0,0,"1,097,379",0.00,0.00
Rhode Island,44,2020,3,3/1/2020,488,8,"1,097,379",44.47,0.73
Rhode Island,44,2020,4,4/1/2020,"8,133",258,"1,097,379",741.13,23.51
Rhode Island,44,2020,5,5/1/2020,"6,307",452,"1,097,379",574.73,41.19
Rhode Island,44,2020,6,6/1/2020,"1,885",232,"1,097,379",171.77,21.14
Rhode Island,44,2020,7,7/1/2020,"2,209",57,"1,097,379",201.30,5.19
Rhode Island,44,2020,8,8/1/2020,"2,927",41,"1,097,379",266.73,3.74
Rhode Island,44,2020,9,9/1/2020,"2,799",66,"1,097,379",255.06,6.01
Rhode Island,44,2020,10,10/1/2020,"8,126",87,"1,097,379",740.49,7.93
Rhode Island,44,2020,11,11/1/2020,"23,849",172,"1,097,379","2,173.27",15.67
Rhode Island,44,2020,12,12/1/2020,"31,226",404,"1,097,379","2,845.51",36.81
Rhode Island,44,2021,1,1/1/2021,"26,489",377,"1,097,379","2,413.84",34.35
Rhode Island,44,2021,2,2/1/2021,"11,184",348,"1,097,379","1,019.16",31.71
Rhode Island,44,2021,3,3/1/2021,"11,707",117,"1,097,379","1,066.81",10.66
Rhode Island,44,2021,4,4/1/2021,"10,857",52,"1,097,379",989.36,4.74
Rhode Island,44,2021,5,5/1/2021,"3,557",37,"1,097,379",324.14,3.37
Rhode Island,44,2021,6,6/1/2021,470,14,"1,097,379",42.83,1.28
South Carolina,45,2020,1,1/1/2020,0,0,"5,118,425",0.00,0.00
South Carolina,45,2020,2,2/1/2020,0,0,"5,118,425",0.00,0.00
South Carolina,45,2020,3,3/1/2020,"1,083",22,"5,118,425",21.16,0.43
South Carolina,45,2020,4,4/1/2020,"5,012",222,"5,118,425",97.92,4.34
South Carolina,45,2020,5,5/1/2020,"5,766",250,"5,118,425",112.65,4.88
South Carolina,45,2020,6,6/1/2020,"24,538",245,"5,118,425",479.41,4.79
South Carolina,45,2020,7,7/1/2020,"52,617",973,"5,118,425","1,027.99",19.01
South Carolina,45,2020,8,8/1/2020,"29,976","1,008","5,118,425",585.65,19.69
South Carolina,45,2020,9,9/1/2020,"28,950",658,"5,118,425",565.60,12.86
South Carolina,45,2020,10,10/1/2020,"28,670",557,"5,118,425",560.13,10.88
South Carolina,45,2020,11,11/1/2020,"40,875",446,"5,118,425",798.59,8.71
South Carolina,45,2020,12,12/1/2020,"90,020",915,"5,118,425","1,758.74",17.88
South Carolina,45,2021,1,1/1/2021,"135,879","1,746","5,118,425","2,654.70",34.11
South Carolina,45,2021,2,2/1/2021,"73,437","1,504","5,118,425","1,434.76",29.38
South Carolina,45,2021,3,3/1/2021,"34,807",600,"5,118,425",680.03,11.72
South Carolina,45,2021,4,4/1/2021,"27,029",351,"5,118,425",528.07,6.86
South Carolina,45,2021,5,5/1/2021,"14,603",239,"5,118,425",285.30,4.67
South Carolina,45,2021,6,6/1/2021,"1,543",40,"5,118,425",30.15,0.78
South Dakota,46,2020,1,1/1/2020,0,0,"886,667",0.00,0.00
South Dakota,46,2020,2,2/1/2020,0,0,"886,667",0.00,0.00
South Dakota,46,2020,3,3/1/2020,107,1,"886,667",12.07,0.11
South Dakota,46,2020,4,4/1/2020,"2,343",16,"886,667",264.25,1.80
South Dakota,46,2020,5,5/1/2020,"2,543",45,"886,667",286.80,5.08
South Dakota,46,2020,6,6/1/2020,"1,771",29,"886,667",199.74,3.27
South Dakota,46,2020,7,7/1/2020,"2,000",39,"886,667",225.56,4.40
South Dakota,46,2020,8,8/1/2020,"4,745",37,"886,667",535.15,4.17
South Dakota,46,2020,9,9/1/2020,"8,880",56,"886,667","1,001.50",6.32
South Dakota,46,2020,10,10/1/2020,"23,603",202,"886,667","2,661.99",22.78
South Dakota,46,2020,11,11/1/2020,"34,472",521,"886,667","3,887.82",58.76
South Dakota,46,2020,12,12/1/2020,"18,700",542,"886,667","2,109.02",61.13
South Dakota,46,2021,1,1/1/2021,"9,086",290,"886,667","1,024.74",32.71
South Dakota,46,2021,2,2/1/2021,"4,177",110,"886,667",471.09,12.41
South Dakota,46,2021,3,3/1/2021,"5,332",47,"886,667",601.35,5.30
South Dakota,46,2021,4,4/1/2021,"4,901",32,"886,667",552.74,3.61
South Dakota,46,2021,5,5/1/2021,"1,531",47,"886,667",172.67,5.30
South Dakota,46,2021,6,6/1/2021,152,12,"886,667",17.14,1.35
Tennessee,47,2020,1,1/1/2020,0,0,"6,910,840",0.00,0.00
Tennessee,47,2020,2,2/1/2020,0,0,"6,910,840",0.00,0.00
Tennessee,47,2020,3,3/1/2020,"2,049",13,"6,910,840",29.65,0.19
Tennessee,47,2020,4,4/1/2020,"8,457",187,"6,910,840",122.37,2.71
Tennessee,47,2020,5,5/1/2020,"12,326",160,"6,910,840",178.36,2.32
Tennessee,47,2020,6,6/1/2020,"19,983",237,"6,910,840",289.15,3.43
Tennessee,47,2020,7,7/1/2020,"60,329",450,"6,910,840",872.96,6.51
Tennessee,47,2020,8,8/1/2020,"48,889",680,"6,910,840",707.42,9.84
Tennessee,47,2020,9,9/1/2020,"41,324",702,"6,910,840",597.96,10.16
Tennessee,47,2020,10,10/1/2020,"63,566",893,"6,910,840",919.80,12.92
Tennessee,47,2020,11,11/1/2020,"109,489","1,224","6,910,840","1,584.31",17.71
Tennessee,47,2020,12,12/1/2020,"206,167","2,300","6,910,840","2,983.24",33.28
Tennessee,47,2021,1,1/1/2021,"140,711","2,711","6,910,840","2,036.09",39.23
Tennessee,47,2021,2,2/1/2021,"47,942","1,760","6,910,840",693.72,25.47
Tennessee,47,2021,3,3/1/2021,"36,299",481,"6,910,840",525.25,6.96
Tennessee,47,2021,4,4/1/2021,"35,322",302,"6,910,840",511.11,4.37
Tennessee,47,2021,5,5/1/2021,"15,167",241,"6,910,840",219.47,3.49
Tennessee,47,2021,6,6/1/2021,"4,145",57,"6,910,840",59.98,0.82
Texas,48,2020,1,1/1/2020,0,0,"29,145,505",0.00,0.00
Texas,48,2020,2,2/1/2020,11,0,"29,145,505",0.04,0.00
Texas,48,2020,3,3/1/2020,"3,577",57,"29,145,505",12.27,0.20
Texas,48,2020,4,4/1/2020,"25,484",771,"29,145,505",87.44,2.65
Texas,48,2020,5,5/1/2020,"35,902",855,"29,145,505",123.18,2.93
Texas,48,2020,6,6/1/2020,"101,729",799,"29,145,505",349.04,2.74
Texas,48,2020,7,7/1/2020,"276,387","4,791","29,145,505",948.30,16.44
Texas,48,2020,8,8/1/2020,"197,227","5,584","29,145,505",676.70,19.16
Texas,48,2020,9,9/1/2020,"143,710","3,245","29,145,505",493.08,11.13
Texas,48,2020,10,10/1/2020,"169,424","2,447","29,145,505",581.30,8.40
Texas,48,2020,11,11/1/2020,"308,492","3,419","29,145,505","1,058.45",11.73
Texas,48,2020,12,12/1/2020,"508,584","6,187","29,145,505","1,744.98",21.23
Texas,48,2021,1,1/1/2021,"602,433","9,087","29,145,505","2,066.98",31.18
Texas,48,2021,2,2/1/2021,"277,323","6,707","29,145,505",951.51,23.01
Texas,48,2021,3,3/1/2021,"139,747","4,588","29,145,505",479.48,15.74
Texas,48,2021,4,4/1/2021,"99,222","1,866","29,145,505",340.44,6.40
Texas,48,2021,5,5/1/2021,"58,681","1,270","29,145,505",201.34,4.36
Texas,48,2021,6,6/1/2021,"23,142",423,"29,145,505",79.40,1.45
Utah,49,2020,1,1/1/2020,0,0,"3,271,616",0.00,0.00
Utah,49,2020,2,2/1/2020,1,0,"3,271,616",0.03,0.00
Utah,49,2020,3,3/1/2020,886,5,"3,271,616",27.08,0.15
Utah,49,2020,4,4/1/2020,"3,785",41,"3,271,616",115.69,1.25
Utah,49,2020,5,5/1/2020,"5,157",67,"3,271,616",157.63,2.05
Utah,49,2020,6,6/1/2020,"12,535",59,"3,271,616",383.14,1.80
Utah,49,2020,7,7/1/2020,"17,894",136,"3,271,616",546.95,4.16
Utah,49,2020,8,8/1/2020,"11,908",101,"3,271,616",363.98,3.09
Utah,49,2020,9,9/1/2020,"20,887",51,"3,271,616",638.43,1.56
Utah,49,2020,10,10/1/2020,"41,617",144,"3,271,616","1,272.06",4.40
Utah,49,2020,11,11/1/2020,"81,074",267,"3,271,616","2,478.10",8.16
Utah,49,2020,12,12/1/2020,"80,868",399,"3,271,616","2,471.81",12.20
Utah,49,2021,1,1/1/2021,"70,012",395,"3,271,616","2,139.98",12.07
Utah,49,2021,2,2/1/2021,"24,667",270,"3,271,616",753.97,8.25
Utah,49,2021,3,3/1/2021,"14,409",187,"3,271,616",440.42,5.72
Utah,49,2021,4,4/1/2021,"11,688",80,"3,271,616",357.25,2.45
Utah,49,2021,5,5/1/2021,"8,852",100,"3,271,616",270.57,3.06
Utah,49,2021,6,6/1/2021,"3,195",21,"3,271,616",97.66,0.64
Vermont,50,2020,1,1/1/2020,0,0,"643,077",0.00,0.00
Vermont,50,2020,2,2/1/2020,0,0,"643,077",0.00,0.00
Vermont,50,2020,3,3/1/2020,293,13,"643,077",45.56,2.02
Vermont,50,2020,4,4/1/2020,573,35,"643,077",89.10,5.44
Vermont,50,2020,5,5/1/2020,115,7,"643,077",17.88,1.09
Vermont,50,2020,6,6/1/2020,227,1,"643,077",35.30,0.16
Vermont,50,2020,7,7/1/2020,206,1,"643,077",32.03,0.16
Vermont,50,2020,8,8/1/2020,210,1,"643,077",32.66,0.16
Vermont,50,2020,9,9/1/2020,128,0,"643,077",19.90,0.00
Vermont,50,2020,10,10/1/2020,427,0,"643,077",66.40,0.00
Vermont,50,2020,11,11/1/2020,"1,993",11,"643,077",309.92,1.71
Vermont,50,2020,12,12/1/2020,"3,240",67,"643,077",503.83,10.42
Vermont,50,2021,1,1/1/2021,"4,553",38,"643,077",708.00,5.91
Vermont,50,2021,2,2/1/2021,"3,233",30,"643,077",502.74,4.67
Vermont,50,2021,3,3/1/2021,"4,077",23,"643,077",633.98,3.58
Vermont,50,2021,4,4/1/2021,"3,677",19,"643,077",571.78,2.95
Vermont,50,2021,5,5/1/2021,"1,268",9,"643,077",197.18,1.40
Vermont,50,2021,6,6/1/2021,100,1,"643,077",15.55,0.16
Virginia,51,2020,1,1/1/2020,0,0,"8,631,393",0.00,0.00
Virginia,51,2020,2,2/1/2020,0,0,"8,631,393",0.00,0.00
Virginia,51,2020,3,3/1/2020,"1,249",27,"8,631,393",14.47,0.31
Virginia,51,2020,4,4/1/2020,"14,597",525,"8,631,393",169.12,6.08
Virginia,51,2020,5,5/1/2020,"28,761",823,"8,631,393",333.21,9.53
Virginia,51,2020,6,6/1/2020,"18,180",388,"8,631,393",210.63,4.50
Virginia,51,2020,7,7/1/2020,"27,101",411,"8,631,393",313.98,4.76
Virginia,51,2020,8,8/1/2020,"30,706",406,"8,631,393",355.75,4.70
Virginia,51,2020,9,9/1/2020,"27,677",628,"8,631,393",320.66,7.28
Virginia,51,2020,10,10/1/2020,"32,919",446,"8,631,393",381.39,5.17
Virginia,51,2020,11,11/1/2020,"56,645",408,"8,631,393",656.27,4.73
Virginia,51,2020,12,12/1/2020,"111,749",970,"8,631,393","1,294.68",11.24
Virginia,51,2021,1,1/1/2021,"155,195","1,432","8,631,393","1,798.03",16.59
Virginia,51,2021,2,2/1/2021,"71,271","2,088","8,631,393",825.72,24.19
Virginia,51,2021,3,3/1/2021,"42,926","1,700","8,631,393",497.32,19.70
Virginia,51,2021,4,4/1/2021,"40,614",518,"8,631,393",470.54,6.00
Virginia,51,2021,5,5/1/2021,"15,948",416,"8,631,393",184.77,4.82
Virginia,51,2021,6,6/1/2021,"2,133",107,"8,631,393",24.71,1.24
Washington,53,2020,1,1/1/2020,1,0,"7,705,281",0.01,0.00
Washington,53,2020,2,2/1/2020,9,1,"7,705,281",0.12,0.01
Washington,53,2020,3,3/1/2020,"5,283",225,"7,705,281",68.56,2.92
Washington,53,2020,4,4/1/2020,"9,521",596,"7,705,281",123.56,7.73
Washington,53,2020,5,5/1/2020,"8,000",304,"7,705,281",103.82,3.95
Washington,53,2020,6,6/1/2020,"11,727",207,"7,705,281",152.19,2.69
Washington,53,2020,7,7/1/2020,"24,184",320,"7,705,281",313.86,4.15
Washington,53,2020,8,8/1/2020,"18,993",349,"7,705,281",246.49,4.53
Washington,53,2020,9,9/1/2020,"13,842",220,"7,705,281",179.64,2.86
Washington,53,2020,10,10/1/2020,"21,020",246,"7,705,281",272.80,3.19
Washington,53,2020,11,11/1/2020,"59,595",427,"7,705,281",773.43,5.54
Washington,53,2020,12,12/1/2020,"78,889",628,"7,705,281","1,023.83",8.15
Washington,53,2021,1,1/1/2021,"64,705",846,"7,705,281",839.75,10.98
Washington,53,2021,2,2/1/2021,"26,875",655,"7,705,281",348.79,8.50
Washington,53,2021,3,3/1/2021,"24,263",285,"7,705,281",314.89,3.70
Washington,53,2021,4,4/1/2021,"38,065",238,"7,705,281",494.01,3.09
Washington,53,2021,5,5/1/2021,"32,528",262,"7,705,281",422.15,3.40
Washington,53,2021,6,6/1/2021,"8,507",48,"7,705,281",110.40,0.62
West Virginia,54,2020,1,1/1/2020,0,0,"1,793,716",0.00,0.00
West Virginia,54,2020,2,2/1/2020,0,0,"1,793,716",0.00,0.00
West Virginia,54,2020,3,3/1/2020,162,1,"1,793,716",9.03,0.06
West Virginia,54,2020,4,4/1/2020,964,43,"1,793,716",53.74,2.40
West Virginia,54,2020,5,5/1/2020,884,31,"1,793,716",49.28,1.73
West Virginia,54,2020,6,6/1/2020,894,18,"1,793,716",49.84,1.00
West Virginia,54,2020,7,7/1/2020,"3,738",23,"1,793,716",208.39,1.28
West Virginia,54,2020,8,8/1/2020,"3,608",98,"1,793,716",201.15,5.46
West Virginia,54,2020,9,9/1/2020,"5,598",136,"1,793,716",312.09,7.58
West Virginia,54,2020,10,10/1/2020,"8,612",107,"1,793,716",480.12,5.97
West Virginia,54,2020,11,11/1/2020,"23,382",278,"1,793,716","1,303.55",15.50
West Virginia,54,2020,12,12/1/2020,"37,492",603,"1,793,716","2,090.19",33.62
West Virginia,54,2021,1,1/1/2021,"35,667",686,"1,793,716","1,988.44",38.24
West Virginia,54,2021,2,2/1/2021,"10,854",276,"1,793,716",605.11,15.39
West Virginia,54,2021,3,3/1/2021,"9,883",376,"1,793,716",550.98,20.96
West Virginia,54,2021,4,4/1/2021,"11,390",3,"1,793,716",634.99,0.17
West Virginia,54,2021,5,5/1/2021,"8,159",113,"1,793,716",454.87,6.30
West Virginia,54,2021,6,6/1/2021,"1,652",57,"1,793,716",92.10,3.18
Wisconsin,55,2020,1,1/1/2020,0,0,"5,893,718",0.00,0.00
Wisconsin,55,2020,2,2/1/2020,1,0,"5,893,718",0.02,0.00
Wisconsin,55,2020,3,3/1/2020,"1,350",25,"5,893,718",22.91,0.42
Wisconsin,55,2020,4,4/1/2020,"5,622",291,"5,893,718",95.39,4.94
Wisconsin,55,2020,5,5/1/2020,"11,711",278,"5,893,718",198.70,4.72
Wisconsin,55,2020,6,6/1/2020,"13,039",199,"5,893,718",221.24,3.38
Wisconsin,55,2020,7,7/1/2020,"25,297",150,"5,893,718",429.22,2.55
Wisconsin,55,2020,8,8/1/2020,"23,713",189,"5,893,718",402.34,3.21
Wisconsin,55,2020,9,9/1/2020,"48,439",206,"5,893,718",821.88,3.50
Wisconsin,55,2020,10,10/1/2020,"108,698",754,"5,893,718","1,844.30",12.79
Wisconsin,55,2020,11,11/1/2020,"173,860","1,412","5,893,718","2,949.92",23.96
Wisconsin,55,2020,12,12/1/2020,"108,708","1,741","5,893,718","1,844.47",29.54
Wisconsin,55,2021,1,1/1/2021,"71,702","1,192","5,893,718","1,216.58",20.22
Wisconsin,55,2021,2,2/1/2021,"25,240",582,"5,893,718",428.25,9.87
Wisconsin,55,2021,3,3/1/2021,"18,870",297,"5,893,718",320.17,5.04
Wisconsin,55,2021,4,4/1/2021,"24,412",234,"5,893,718",414.20,3.97
Wisconsin,55,2021,5,5/1/2021,"13,968",306,"5,893,718",237.00,5.19
Wisconsin,55,2021,6,6/1/2021,"1,658",157,"5,893,718",28.13,2.66
Wyoming,56,2020,1,1/1/2020,0,0,"576,851",0.00,0.00
Wyoming,56,2020,2,2/1/2020,0,0,"576,851",0.00,0.00
Wyoming,56,2020,3,3/1/2020,121,0,"576,851",20.98,0.00
Wyoming,56,2020,4,4/1/2020,438,7,"576,851",75.93,1.21
Wyoming,56,2020,5,5/1/2020,344,9,"576,851",59.63,1.56
Wyoming,56,2020,6,6/1/2020,584,4,"576,851",101.24,0.69
Wyoming,56,2020,7,7/1/2020,"1,239",6,"576,851",214.79,1.04
Wyoming,56,2020,8,8/1/2020,"1,116",11,"576,851",193.46,1.91
Wyoming,56,2020,9,9/1/2020,"2,106",13,"576,851",365.09,2.25
Wyoming,56,2020,10,10/1/2020,"7,350",37,"576,851","1,274.16",6.41
Wyoming,56,2020,11,11/1/2020,"20,007",128,"576,851","3,468.31",22.19
Wyoming,56,2020,12,12/1/2020,"11,104",223,"576,851","1,924.93",38.66
Wyoming,56,2021,1,1/1/2021,"7,503",158,"576,851","1,300.68",27.39
Wyoming,56,2021,2,2/1/2021,"2,482",75,"576,851",430.27,13.00
Wyoming,56,2021,3,3/1/2021,"1,916",29,"576,851",332.15,5.03
Wyoming,56,2021,4,4/1/2021,"1,832",7,"576,851",317.59,1.21
Wyoming,56,2021,5,5/1/2021,"2,002",12,"576,851",347.06,2.08
Wyoming,56,2021,6,6/1/2021,971,6,"576,851",168.33,1.04
